solution,run,seq,start_epoch,seconds
solution2,1,1,1788286899,54.71
solution5,1,2,1788286954,0.44
solution2,2,3,1788286955,54.71
solution5,2,4,1788287010,0.44
solution4,1,5,1788287010,2.59
solution5,3,6,1788287013,0.41
solution4,2,7,1788287014,2.61
solution3,1,8,1788287016,5.80
solution4,3,9,1788287022,2.84
solution3,2,10,1788287025,5.83
solution2,3,11,1788287031,54.44
solution3,3,12,1788287085,5.88
solution2,4,13,1788287091,54.53
solution5,4,14,1788287146,0.44
solution2,5,15,1788287147,54.99
solution5,5,16,1788287202,0.43
solution4,4,17,1788287202,2.71
solution5,6,18,1788287205,0.42
solution4,5,19,1788287206,2.93
solution3,4,20,1788287209,5.81
solution4,6,21,1788287215,2.67
solution3,5,22,1788287217,5.91
solution2,6,23,1788287223,54.44
solution3,6,24,1788287278,5.83
solution2,7,25,1788287284,54.72
solution5,7,26,1788287338,0.42
solution2,8,27,1788287339,54.71
solution5,8,28,1788287394,0.41
solution4,7,29,1788287395,2.76
solution5,9,30,1788287397,0.46
solution4,8,31,1788287398,2.73
solution3,7,32,1788287401,5.97
solution4,9,33,1788287407,2.69
solution3,8,34,1788287410,5.83
solution2,9,35,1788287416,54.59
solution3,9,36,1788287470,5.86
solution2,10,37,1788287476,54.53
solution5,10,38,1788287531,0.43
solution2,11,39,1788287531,54.50
solution5,11,40,1788287586,0.49
solution4,10,41,1788287587,2.77
solution3,10,42,1788287590,5.82
solution4,11,43,1788287595,2.75
solution3,11,44,1788287598,5.89
solution2,12,45,1788287604,54.62
solution3,12,46,1788287659,5.84
solution2,13,47,1788287665,54.55
solution5,12,48,1788287719,0.43
solution2,14,49,1788287720,54.59
solution5,13,50,1788287775,0.42
solution4,12,51,1788287775,2.70
solution5,14,52,1788287778,0.45
solution4,13,53,1788287779,2.79
solution3,13,54,1788287782,5.83
solution4,14,55,1788287788,2.58
solution3,14,56,1788287790,5.79
solution2,15,57,1788287796,54.23
solution3,15,58,1788287850,5.83
solution2,16,59,1788287856,54.68
solution5,15,60,1788287911,0.45
solution2,17,61,1788287912,54.45
solution5,16,62,1788287966,0.46
solution4,15,63,1788287967,2.79
solution5,17,64,1788287970,0.45
solution4,16,65,1788287970,2.86
solution3,16,66,1788287973,5.77
solution4,17,67,1788287979,2.70
solution3,17,68,1788287982,5.82
solution2,18,69,1788287988,54.40
solution3,18,70,1788288042,5.82
solution2,19,71,1788288048,54.40
solution5,18,72,1788288102,0.43
solution2,20,73,1788288103,54.92
solution5,19,74,1788288158,0.44
solution4,18,75,1788288159,2.78
solution5,20,76,1788288162,0.42
solution4,19,77,1788288163,2.73
solution3,19,78,1788288165,5.86
solution4,20,79,1788288171,2.63
solution3,20,80,1788288174,5.77
solution2,21,81,1788288180,54.58
solution3,21,82,1788288234,5.90
solution2,22,83,1788288240,54.68
solution5,21,84,1788288295,0.45
solution2,23,85,1788288296,55.03
solution5,22,86,1788288351,0.42
solution4,21,87,1788288351,2.60
solution5,23,88,1788288354,0.42
solution4,22,89,1788288355,2.58
solution3,22,90,1788288357,5.93
solution4,23,91,1788288363,2.96
solution3,23,92,1788288366,5.88
solution2,24,93,1788288372,55.09
solution3,24,94,1788288427,5.88
solution2,25,95,1788288433,54.53
solution5,24,96,1788288488,0.43
solution2,26,97,1788288489,54.55
solution3,25,98,1788288543,5.90
solution2,27,99,1788288549,54.71
solution5,25,100,1788288604,0.45
solution2,28,101,1788288605,54.17
solution5,26,102,1788288659,0.43
solution2,29,103,1788288660,54.31
solution3,26,104,1788288714,5.79
solution2,30,105,1788288720,54.66
solution5,27,106,1788288774,0.42
solution2,31,107,1788288775,54.56
solution5,28,108,1788288830,0.45
solution4,24,109,1788288831,2.94
solution3,27,110,1788288834,5.82
solution2,32,111,1788288839,54.64
solution5,29,112,1788288894,0.44
solution4,25,113,1788288895,2.72
solution5,30,114,1788288898,0.42
solution4,26,115,1788288898,2.75
solution3,28,116,1788288901,5.95
solution4,27,117,1788288907,2.67
solution3,29,118,1788288910,5.83
solution4,28,119,1788288916,2.67
solution3,30,120,1788288918,5.82
solution2,33,121,1788288924,54.49
solution3,31,122,1788288979,5.88
solution4,29,123,1788288985,2.61
solution5,31,124,1788288987,0.47
solution4,30,125,1788288988,2.82
solution3,32,126,1788288991,5.78
solution2,34,127,1788288997,54.63
solution3,33,128,1788289051,5.81
solution2,35,129,1788289057,54.34
solution3,34,130,1788289111,5.84
solution2,36,131,1788289117,54.84
solution3,35,132,1788289172,5.87
solution2,37,133,1788289178,54.64
solution5,32,134,1788289233,0.43
solution4,31,135,1788289234,2.76
solution5,33,136,1788289236,0.44
solution2,38,137,1788289237,54.67
solution5,34,138,1788289292,0.44
solution4,32,139,1788289293,2.60
solution3,36,140,1788289295,5.82
solution2,39,141,1788289301,54.62
solution5,35,142,1788289356,0.45
solution4,33,143,1788289357,2.97
solution5,36,144,1788289360,0.44
solution2,40,145,1788289360,54.65
solution5,37,146,1788289415,0.47
solution2,41,147,1788289416,54.81
solution5,38,148,1788289471,0.42
solution4,34,149,1788289472,2.56
solution5,39,150,1788289474,0.42
solution2,42,151,1788289475,54.69
01_baseline,1,152,1788289530,125.72
solution2,43,153,1788289655,54.70
solution3,37,154,1788289710,5.79
solution2,44,155,1788289716,54.49
01_baseline,2,156,1788289770,125.75
solution4,35,157,1788289896,2.58
solution5,40,158,1788289899,0.42
solution2,45,159,1788289899,54.42
solution1,1,160,1788289954,328.77
solution4,36,161,1788290283,2.67
solution5,41,162,1788290285,0.41
solution2,46,163,1788290286,54.49
solution3,38,164,1788290341,5.89
solution3,39,165,1788290347,5.80
solution4,37,166,1788290352,2.72
solution3,40,167,1788290355,5.82
solution3,41,168,1788290361,5.84
solution5,42,169,1788290367,0.43
solution3,42,170,1788290368,5.79
solution3,43,171,1788290373,5.81
solution4,38,172,1788290379,2.83
solution3,44,173,1788290382,5.80
solution3,45,174,1788290388,5.83
solution1,2,175,1788290394,341.53
solution4,39,176,1788290735,2.71
solution2,47,177,1788290738,54.77
solution4,40,178,1788290793,2.63
solution3,46,179,1788290795,5.81
solution3,47,180,1788290801,5.84
01_baseline,3,181,1788290807,125.50
solution5,43,182,1788290933,0.43
solution5,44,183,1788290933,0.45
solution2,48,184,1788290934,55.01
solution4,41,185,1788290989,2.56
solution3,48,186,1788290992,5.79
solution4,42,187,1788290998,2.75
01_baseline,4,188,1788291000,125.59
solution5,45,189,1788291126,0.45
solution4,43,190,1788291127,2.70
solution5,46,191,1788291130,0.43
solution5,47,192,1788291130,0.41
solution2,49,193,1788291131,54.46
solution3,49,194,1788291186,5.84
solution4,44,195,1788291191,2.72
solution5,48,196,1788291194,0.53
solution5,49,197,1788291195,0.47
solution4,45,198,1788291196,2.75
01_baseline,5,199,1788291199,125.68
solution4,46,200,1788291324,2.64
solution4,47,201,1788291327,2.63
solution3,50,202,1788291330,5.85
01_baseline,6,203,1788291336,125.64
01_baseline,7,204,1788291461,126.25
01_baseline,8,205,1788291587,125.42
solution5,50,206,1788291713,0.43
solution4,48,207,1788291714,2.71
solution2,50,208,1788291716,54.48
01_baseline,9,209,1788291771,124.94
solution1,3,210,1788291896,324.42
01_baseline,10,211,1788292220,125.39
solution4,49,212,1788292346,2.76
solution1,4,213,1788292348,319.16
solution4,50,214,1788292668,2.69
solution1,5,215,1788292670,327.96
